1722.64 ,800.68 ,1844.83 ,2215.56 ,1934.57 ,1741.43 ,784.70 ,1863.95 ,2022.49 ,1411.52 ,1915.87 ,2329.14 ,1879.36 ,1954.25 ,1722.59 ,1999.96 ,1201.99 ,1995.03 ,1853.17 ,1833.66 ,598.75 ,1493.01 ,1857.63 ,2069.68 ,223.84 ,194.00 ,1838.37 ,1401.44 ,1363.91 ,1961.56 ,1883.81 ,1962.66 ,1403.72 ,2087.88 ,22.72 ,1966.23 ,2003.80 ,2004.82 ,408.16 ,1677.87 ,1298.14 ,1993.26 ,939.29 ,1605.30 ,1424.34 ,1976.91 ,1976.91 ,1941.14 ,1770.89 ,130.20 ,1976.88 ,1468.47 ,214.88 ,331.51 ,1963.88 ,1115.62 ,881.05 ,1882.52 ,1300.45 ,1928.82 ,1830.54 ,635.78 ,126.67 ,1982.11 ,1992.53 ,1849.31 ,1865.63 ,1898.49 ,1890.47 ,1930.67 ,297.17 ,720.74 ,57.35 ,162.32 ,132.07 ,42.99 ,105.48 ,248.84 ,976.40 ,1750.90 ,1700.21 ,1901.97 ,251.31 ,44.98 ,151.07 ,-38.95 ,191.04 ,1612.20 ,23.59 ,123.50 ,705.59 ,218.45 ,121.04 ,329.50 ,198.99 ,1191.31 ,169.84 ,36.05 ,26.02 ,224.50 ,753.53 ,1055.78 ,1876.02 ,235.34 ,75.18 ,454.25 ,578.00 ,148.52 ,918.54 ,-15.42 ,12.18 ,1038.92 ,99.74 ,100.37 ,39.19 ,298.99 ,133.87 ,76.30 ,1241.14 ,78.90 ,200.32 ,677.49 ,1911.84 ,191.91 ,194.93 ,289.88 ,-29.38 ,81.57 ,180.27 ,66.77 ,190.03 ,196.88 ,68.21 ,785.77 ,69.66 ,294.28 ,1262.48 ,597.50
1999.38 ,1014.50 ,1816.29 ,2155.04 ,2085.96 ,1957.78 ,1403.96 ,1975.97 ,2079.34 ,1923.05 ,1869.32 ,2433.46 ,1834.53 ,1869.76 ,1973.65 ,1912.86 ,1998.07 ,1889.80 ,2227.40 ,2069.50 ,1493.86 ,1961.37 ,1874.83 ,2137.89 ,153.54 ,133.60 ,1958.85 ,1780.10 ,1959.03 ,2054.38 ,1861.68 ,1924.78 ,1816.62 ,2010.80 ,-33.63 ,1880.30 ,2048.47 ,2040.96 ,424.49 ,1951.82 ,1770.10 ,1978.89 ,1163.75 ,1924.26 ,2062.54 ,2004.84 ,2004.84 ,2219.26 ,1909.07 ,169.46 ,2183.97 ,2064.95 ,305.37 ,263.77 ,1911.04 ,1594.16 ,1891.19 ,1948.99 ,1667.95 ,1995.00 ,1959.77 ,1203.91 ,109.79 ,2005.04 ,1945.85 ,1931.36 ,1946.10 ,1850.25 ,1871.56 ,1884.58 ,359.69 ,712.59 ,62.98 ,101.13 ,169.74 ,65.32 ,127.58 ,311.65 ,970.36 ,1695.47 ,1868.60 ,1688.71 ,266.09 ,-13.41 ,180.05 ,-131.66 ,231.62 ,1604.17 ,35.90 ,56.08 ,400.12 ,248.75 ,86.36 ,317.41 ,201.48 ,1542.55 ,104.05 ,50.79 ,49.89 ,220.99 ,678.83 ,1343.14 ,1917.78 ,201.34 ,94.82 ,442.08 ,486.95 ,188.66 ,1325.74 ,18.56 ,32.83 ,1173.89 ,143.92 ,116.96 ,5.00 ,381.81 ,186.38 ,43.59 ,1801.97 ,104.93 ,219.67 ,621.78 ,1913.99 ,130.49 ,233.40 ,298.52 ,-108.68 ,113.15 ,207.41 ,101.81 ,197.18 ,262.33 ,98.86 ,529.77 ,41.68 ,405.78 ,1368.86 ,831.19
2171.66 ,2113.65 ,1969.17 ,2202.85 ,2309.75 ,2207.60 ,2371.39 ,2070.19 ,2311.66 ,2292.67 ,1959.47 ,2617.04 ,1889.31 ,2210.87 ,2124.39 ,2031.95 ,2219.04 ,1946.32 ,2636.95 ,2207.16 ,2038.98 ,2254.97 ,2053.57 ,2291.34 ,200.89 ,468.62 ,2252.57 ,1971.30 ,2181.88 ,2270.07 ,2101.57 ,2043.55 ,2568.44 ,2116.99 ,2240.82 ,1974.18 ,2118.28 ,2253.72 ,381.41 ,2268.08 ,2391.22 ,2177.02 ,2245.18 ,2170.07 ,2313.28 ,2044.87 ,2044.87 ,2302.15 ,2043.32 ,2154.01 ,2362.87 ,2338.90 ,1928.18 ,314.54 ,1982.50 ,2133.07 ,2494.04 ,2175.43 ,2173.14 ,2212.72 ,2071.03 ,2334.90 ,1308.71 ,2107.22 ,2053.35 ,2120.38 ,2004.52 ,2039.47 ,1979.15 ,2072.61 ,1535.40 ,1484.67 ,-29.07 ,186.54 ,953.33 ,-13.60 ,705.74 ,1179.01 ,1589.70 ,1889.72 ,1763.77 ,1699.71 ,319.11 ,-15.49 ,446.54 ,-96.01 ,37.65 ,1423.02 ,-85.42 ,57.75 ,523.21 ,1681.29 ,101.39 ,481.90 ,154.83 ,1473.94 ,441.58 ,-33.20 ,-30.52 ,1801.74 ,1664.86 ,1210.33 ,1949.66 ,126.64 ,49.26 ,660.89 ,433.34 ,306.30 ,948.70 ,-34.58 ,10.56 ,1210.98 ,105.94 ,280.38 ,-5.20 ,373.54 ,2001.83 ,-54.44 ,1045.32 ,-6.46 ,253.08 ,1069.10 ,1922.01 ,137.43 ,159.41 ,570.91 ,-89.05 ,226.05 ,932.88 ,59.48 ,205.84 ,152.91 ,35.27 ,709.94 ,75.61 ,1898.47 ,1883.56 ,1979.56
2243.07 ,1885.82 ,1975.24 ,2339.59 ,2341.93 ,2340.85 ,2529.49 ,2227.19 ,2361.52 ,2295.00 ,1937.88 ,2047.70 ,1939.80 ,2242.88 ,2194.55 ,2080.92 ,2202.30 ,1960.63 ,2416.63 ,2301.22 ,2071.00 ,2425.45 ,2112.87 ,2466.14 ,313.91 ,2100.61 ,1865.20 ,2116.59 ,2337.15 ,2287.22 ,2182.07 ,2054.01 ,2295.71 ,2099.79 ,2268.90 ,1985.18 ,2221.45 ,2314.79 ,1050.37 ,2379.96 ,1568.88 ,2142.40 ,2310.70 ,1709.18 ,2382.03 ,2185.17 ,2185.17 ,2413.11 ,2079.28 ,2194.74 ,2145.56 ,2456.38 ,2388.10 ,677.32 ,2004.81 ,2131.09 ,2507.28 ,2315.79 ,2183.52 ,2301.62 ,2241.19 ,2517.42 ,2159.11 ,2251.40 ,2107.37 ,2177.41 ,2047.27 ,2052.78 ,1983.47 ,2055.89 ,2133.83 ,2005.02 ,2441.22 ,2336.41 ,2211.96 ,2603.36 ,2121.29 ,2347.95 ,2217.50 ,1995.66 ,2493.22 ,2007.34 ,2316.33 ,2254.46 ,2151.83 ,2411.84 ,2100.95 ,2548.67 ,2343.63 ,2095.58 ,2309.03 ,2107.16 ,2385.20 ,2648.51 ,2627.38 ,2118.53 ,2034.98 ,2462.98 ,2394.74 ,2129.14 ,2046.38 ,2537.51 ,2159.95 ,2325.15 ,2202.39 ,2181.68 ,1698.97 ,2340.20 ,2424.20 ,2233.46 ,2589.87 ,2233.64 ,2364.52 ,2186.35 ,2526.08 ,2475.84 ,2117.58 ,2225.55 ,2558.98 ,2480.78 ,2661.84 ,2561.51 ,2039.95 ,2213.29 ,2665.21 ,2327.67 ,2327.76 ,2249.28 ,2155.34 ,2659.81 ,2612.75 ,2288.24 ,2128.29 ,2220.40 ,1983.76 ,2076.40 ,2017.00 ,2039.88
2258.67 ,2639.47 ,1992.80 ,2405.96 ,2429.59 ,2428.70 ,2616.90 ,2280.36 ,2463.63 ,2451.62 ,1983.13 ,2709.94 ,2068.53 ,2578.21 ,2267.36 ,2218.75 ,2325.08 ,2103.23 ,2840.19 ,2378.71 ,2175.69 ,2603.84 ,2223.07 ,2513.18 ,2679.13 ,2563.32 ,2393.75 ,2210.76 ,2437.98 ,2399.60 ,2240.65 ,2137.61 ,2760.81 ,2221.51 ,2312.75 ,2116.31 ,2268.54 ,2439.72 ,2317.90 ,2554.96 ,2510.79 ,2285.25 ,2528.38 ,2340.95 ,2504.08 ,2222.12 ,2222.12 ,2546.99 ,2112.91 ,2197.70 ,2478.16 ,2517.49 ,2518.83 ,2580.32 ,2155.18 ,2271.74 ,2596.94 ,2498.02 ,2286.00 ,2298.16 ,2211.91 ,2564.64 ,2498.62 ,2355.24 ,2223.71 ,2383.38 ,2082.25 ,2092.38 ,2039.96 ,2031.03 ,2303.62 ,2092.56 ,2456.59 ,2405.72 ,2367.50 ,2663.98 ,2270.38 ,2437.29 ,2316.55 ,2044.71 ,2493.20 ,2133.40 ,2367.24 ,2260.52 ,2055.59 ,2349.12 ,2026.02 ,2638.37 ,2434.71 ,2181.60 ,2400.13 ,2155.13 ,2241.97 ,2598.47 ,2564.34 ,2120.52 ,2134.10 ,2432.32 ,2324.59 ,2216.13 ,2083.08 ,2592.34 ,2205.64 ,2321.07 ,2238.96 ,2192.14 ,2078.49 ,2395.85 ,2494.92 ,2171.05 ,2581.68 ,2306.79 ,2508.35 ,2142.43 ,2476.33 ,2549.35 ,2192.16 ,2218.50 ,2593.63 ,2575.55 ,2689.84 ,2496.69 ,2121.98 ,2353.50 ,2769.60 ,2403.00 ,2242.94 ,2258.75 ,2177.66 ,2627.92 ,2653.69 ,2288.39 ,2060.60 ,2355.36 ,2153.25 ,2186.51 ,2044.81 ,2119.55
2742.26 ,2740.46 ,2123.76 ,2620.56 ,2549.48 ,2596.06 ,2848.68 ,2450.63 ,2739.06 ,2615.45 ,2172.33 ,2866.55 ,2366.83 ,2700.44 ,2152.34 ,2262.22 ,2069.22 ,2159.41 ,3093.78 ,2584.29 ,2168.00 ,2667.25 ,2430.14 ,2301.63 ,2784.46 ,2786.51 ,2502.56 ,2276.86 ,2651.10 ,2539.96 ,2383.40 ,2195.17 ,3058.51 ,2378.65 ,2310.68 ,2220.01 ,2417.19 ,2546.15 ,2716.29 ,2639.65 ,2669.27 ,2365.39 ,2633.42 ,2478.36 ,2639.12 ,2345.36 ,2345.36 ,2721.43 ,2281.83 ,2071.30 ,2644.95 ,2693.39 ,2767.73 ,2754.22 ,2341.23 ,2327.03 ,2805.38 ,2477.09 ,2039.84 ,2483.82 ,2300.22 ,2768.53 ,2759.26 ,2344.29 ,2262.87 ,2473.29 ,2128.25 ,2229.95 ,2181.28 ,2127.14 ,2682.05 ,2110.18 ,2757.16 ,2537.51 ,2516.45 ,2686.28 ,2459.38 ,2784.62 ,2489.94 ,2201.09 ,3157.56 ,2418.86 ,2740.62 ,2216.01 ,2394.10 ,2163.59 ,2278.40 ,3128.87 ,2555.86 ,2165.01 ,2557.71 ,2375.20 ,2280.32 ,2738.40 ,2738.85 ,2303.12 ,2261.98 ,2604.51 ,2681.20 ,2354.62 ,2233.26 ,2949.20 ,2386.27 ,2302.83 ,2468.65 ,2299.00 ,2428.01 ,2579.81 ,2867.14 ,2517.25 ,2757.40 ,2648.90 ,2684.80 ,2357.47 ,2506.73 ,2982.02 ,2271.24 ,2086.89 ,2983.84 ,2722.41 ,2854.07 ,2682.33 ,2323.45 ,2372.79 ,2878.35 ,2563.33 ,1935.16 ,2515.56 ,2431.37 ,2751.53 ,2835.21 ,2529.01 ,2443.03 ,2500.09 ,2184.66 ,2241.20 ,2232.42 ,2196.41
4052.12 ,3473.73 ,2476.41 ,3034.56 ,3657.61 ,3209.40 ,4025.90 ,2993.17 ,3893.98 ,3246.67 ,2727.75 ,5419.32 ,2759.38 ,3336.38 ,2861.71 ,2470.85 ,2394.05 ,2566.59 ,4951.71 ,3232.17 ,2433.30 ,3398.40 ,2696.25 ,3412.25 ,3220.17 ,3966.16 ,3435.30 ,2767.25 ,3461.28 ,3265.40 ,3006.86 ,2722.32 ,4738.29 ,2935.93 ,2897.96 ,2510.84 ,2713.53 ,3330.94 ,3464.78 ,3405.45 ,4434.45 ,2715.45 ,3287.04 ,3461.65 ,3620.64 ,2932.01 ,2932.01 ,3976.79 ,2629.42 ,2467.67 ,4427.89 ,3741.40 ,4293.11 ,3243.49 ,2479.53 ,2663.79 ,3754.79 ,3257.04 ,2877.62 ,2943.42 ,3147.10 ,3603.45 ,4083.47 ,2925.38 ,2580.47 ,3183.65 ,2691.54 ,2548.96 ,2537.32 ,2416.90 ,3324.55 ,2662.64 ,3425.73 ,3367.24 ,2899.92 ,3461.97 ,3094.94 ,3399.96 ,2901.79 ,2552.69 ,4684.90 ,2827.15 ,3388.40 ,2839.01 ,2719.75 ,2557.37 ,2707.96 ,4012.79 ,3281.47 ,2530.77 ,2995.18 ,2845.78 ,3117.38 ,3282.21 ,3865.13 ,3028.56 ,2757.12 ,3152.07 ,3210.82 ,2996.91 ,2725.10 ,3999.67 ,2826.18 ,2998.49 ,3065.01 ,3132.73 ,3090.78 ,3056.88 ,4088.48 ,2912.05 ,3327.27 ,3332.06 ,3579.37 ,3101.88 ,3296.21 ,3645.75 ,2529.23 ,2716.06 ,4846.48 ,3645.10 ,3611.88 ,3470.63 ,2665.71 ,2751.89 ,4295.73 ,3203.10 ,2672.87 ,3152.16 ,3044.44 ,3444.67 ,3735.89 ,2953.97 ,2930.96 ,2849.93 ,3038.36 ,2644.45 ,2444.76 ,2481.39
4330.52 ,5230.24 ,3218.17 ,4075.68 ,4494.33 ,3408.64 ,4359.49 ,3494.49 ,4032.79 ,3711.42 ,3181.14 ,5862.18 ,3364.36 ,4690.02 ,3766.72 ,3451.35 ,4133.06 ,3189.25 ,5307.74 ,3690.07 ,3285.72 ,4082.95 ,3248.72 ,4385.36 ,5272.50 ,5038.43 ,4071.06 ,3455.55 ,3998.53 ,3809.72 ,3305.54 ,3371.50 ,5045.58 ,3328.04 ,4074.87 ,3148.24 ,3808.44 ,4165.48 ,5015.38 ,3872.32 ,4700.31 ,3326.13 ,4100.94 ,4189.05 ,4304.47 ,3528.36 ,3528.36 ,4411.71 ,3375.60 ,3647.56 ,5359.64 ,4326.68 ,4947.68 ,4964.00 ,3193.01 ,3501.82 ,5147.60 ,4167.58 ,4012.71 ,3502.50 ,3530.57 ,4196.02 ,4823.29 ,3756.66 ,3485.72 ,3560.17 ,3782.77 ,3315.18 ,3017.39 ,3062.02 ,3740.04 ,2778.37 ,3712.99 ,4636.65 ,3162.08 ,4389.13 ,3446.14 ,3765.31 ,3652.98 ,2774.01 ,5132.06 ,3268.34 ,4406.16 ,4358.11 ,3031.35 ,4108.45 ,2994.70 ,4583.02 ,3733.79 ,4065.73 ,3799.26 ,3240.67 ,3933.46 ,4398.60 ,4911.08 ,4049.82 ,3740.99 ,3818.79 ,3617.15 ,3199.53 ,2794.71 ,4581.95 ,3251.31 ,4717.91 ,3275.60 ,4065.04 ,4212.20 ,3578.22 ,4933.90 ,3238.72 ,4239.13 ,3785.23 ,4602.77 ,3280.52 ,4374.69 ,4319.03 ,2736.98 ,4570.59 ,5667.25 ,4658.05 ,4814.65 ,4433.63 ,3388.34 ,4018.17 ,5404.60 ,4478.30 ,4314.93 ,3379.45 ,3833.59 ,4207.05 ,4709.40 ,3734.95 ,3133.81 ,3869.15 ,4649.36 ,2845.07 ,3037.78 ,2666.79
5290.73 ,6458.72 ,4341.71 ,4700.88 ,5600.38 ,4549.40 ,5602.86 ,4832.16 ,5178.72 ,5003.72 ,4305.29 ,6532.53 ,4333.36 ,6073.01 ,5147.16 ,4296.23 ,5380.46 ,4768.45 ,6064.59 ,4852.13 ,4501.99 ,5170.97 ,4885.86 ,5896.38 ,6376.83 ,5950.34 ,6083.04 ,4232.03 ,5037.02 ,4738.59 ,4476.21 ,3811.54 ,5883.34 ,4580.78 ,5153.46 ,4666.44 ,4309.36 ,5918.78 ,5957.76 ,5154.51 ,5546.17 ,4786.44 ,5241.89 ,5084.27 ,5347.95 ,4405.64 ,4405.64 ,5365.36 ,5210.00 ,5180.16 ,5219.11 ,5466.30 ,6073.45 ,5897.95 ,4796.70 ,4475.38 ,6165.45 ,5626.60 ,5269.25 ,4751.63 ,4867.26 ,5376.92 ,5940.74 ,5055.76 ,4212.69 ,4500.95 ,5008.65 ,4930.88 ,5045.38 ,4823.91 ,5561.48 ,4190.82 ,5645.45 ,5391.34 ,5404.67 ,6386.86 ,6257.38 ,5539.26 ,4981.98 ,4088.73 ,5623.45 ,4451.95 ,6863.37 ,5300.68 ,4859.39 ,5637.23 ,5288.41 ,5772.78 ,6521.15 ,6326.71 ,4857.60 ,5280.28 ,4918.76 ,6444.90 ,6307.62 ,5568.82 ,5748.37 ,6047.39 ,5855.65 ,5241.09 ,4088.86 ,5359.83 ,5356.39 ,5847.57 ,5087.78 ,4933.17 ,5560.30 ,5567.86 ,5195.45 ,5539.02 ,6063.67 ,5193.98 ,6902.56 ,5282.96 ,5644.41 ,5852.43 ,4469.48 ,5409.80 ,5343.27 ,6812.55 ,6377.84 ,6429.53 ,5681.24 ,5128.10 ,7176.72 ,6806.96 ,5523.22 ,5822.53 ,5745.80 ,6345.74 ,6305.53 ,5935.39 ,5218.40 ,5343.90 ,5592.70 ,4586.69 ,4903.76 ,4437.67
8023.54 ,7049.27 ,6826.57 ,7104.54 ,7281.90 ,8276.93 ,7207.94 ,8267.36 ,8183.13 ,7767.47 ,6743.90 ,7518.58 ,6375.83 ,8300.01 ,7511.45 ,7424.34 ,6914.22 ,7465.03 ,7556.26 ,7860.32 ,7641.49 ,7610.92 ,8357.65 ,7849.26 ,7075.27 ,7093.21 ,8037.58 ,7329.98 ,7401.23 ,7602.18 ,7764.32 ,6825.70 ,7444.01 ,7465.11 ,7849.59 ,7637.43 ,7724.92 ,7794.87 ,6519.00 ,8080.28 ,7123.39 ,7888.95 ,7606.47 ,7155.22 ,8367.80 ,7348.07 ,7348.07 ,7062.26 ,8209.17 ,8108.05 ,6894.09 ,8029.01 ,7027.90 ,6902.52 ,7516.33 ,6985.94 ,8108.68 ,8175.64 ,7384.57 ,8161.29 ,7821.76 ,7263.97 ,6617.63 ,7818.20 ,7394.08 ,7838.41 ,7907.25 ,7760.51 ,7345.15 ,7761.11 ,7420.70 ,6120.47 ,7659.62 ,8102.19 ,7364.93 ,7845.24 ,8107.03 ,7544.60 ,7289.22 ,5690.06 ,7321.81 ,6040.71 ,8332.60 ,8061.34 ,6921.46 ,7793.82 ,7018.18 ,7386.99 ,8032.15 ,8122.64 ,7502.76 ,7576.43 ,7838.18 ,7534.29 ,7449.05 ,7857.74 ,7872.91 ,7463.72 ,7864.44 ,7568.05 ,5891.85 ,7267.37 ,6905.67 ,8171.22 ,6944.52 ,7783.58 ,6489.83 ,7436.43 ,7450.01 ,7506.43 ,7026.60 ,6735.27 ,8328.71 ,7228.21 ,7707.04 ,7207.81 ,7088.19 ,7969.74 ,6666.95 ,8298.27 ,7134.13 ,7460.43 ,7432.26 ,8210.60 ,8456.92 ,8444.03 ,7716.07 ,8122.67 ,7532.48 ,7379.80 ,7617.08 ,7612.94 ,7500.00 ,7672.70 ,8235.00 ,6787.00 ,6580.67 ,6431.53
8195.67 ,8400.18 ,8326.35 ,8455.26 ,8407.19 ,8593.25 ,8450.18 ,8624.86 ,8222.54 ,8599.25 ,7970.53 ,8289.85 ,7753.89 ,8795.05 ,8599.12 ,8259.97 ,8366.86 ,8473.14 ,8384.04 ,8681.58 ,8669.54 ,8628.45 ,8645.37 ,8344.04 ,8167.05 ,7336.63 ,8743.08 ,8518.45 ,8363.40 ,8516.51 ,8703.69 ,8219.11 ,8462.86 ,8559.74 ,8510.66 ,8439.91 ,8614.95 ,8653.13 ,7143.54 ,8638.87 ,8238.69 ,8614.11 ,8419.36 ,8598.48 ,8916.13 ,8700.50 ,8700.50 ,8392.67 ,8216.77 ,8693.74 ,7734.17 ,8598.76 ,8245.95 ,7743.78 ,8562.13 ,8610.51 ,8826.46 ,8891.66 ,8414.97 ,8448.98 ,8323.77 ,8184.62 ,7987.33 ,8721.58 ,8565.65 ,8787.25 ,8786.06 ,8375.76 ,7781.53 ,8187.81 ,8010.32 ,8081.47 ,8840.99 ,8578.79 ,8441.70 ,8815.97 ,8611.60 ,8354.65 ,8519.80 ,7937.95 ,7917.02 ,7898.61 ,8515.91 ,8412.12 ,8559.61 ,7148.99 ,8773.40 ,8225.42 ,8842.86 ,8846.47 ,8512.01 ,8198.60 ,8503.07 ,8185.66 ,8426.25 ,8371.48 ,8536.91 ,8861.91 ,8901.83 ,8298.92 ,8210.98 ,8043.46 ,8630.84 ,8793.24 ,8609.10 ,8489.67 ,6440.64 ,8590.79 ,8165.91 ,8829.17 ,8562.81 ,8486.28 ,8405.36 ,8483.24 ,8047.46 ,7623.52 ,8196.75 ,8622.73 ,7511.27 ,8688.70 ,8394.47 ,7837.57 ,8439.75 ,8707.51 ,8611.49 ,8470.12 ,7153.37 ,8684.09 ,8244.85 ,8719.60 ,8682.67 ,7941.15 ,8693.04 ,8428.58 ,8583.49 ,8180.33 ,8001.91 ,8244.96
7968.70 ,8578.93 ,8240.99 ,8415.31 ,8678.22 ,8728.85 ,8629.85 ,8678.68 ,8661.20 ,8796.66 ,7928.66 ,8447.76 ,7502.21 ,8578.22 ,8817.94 ,8415.02 ,8389.88 ,8658.16 ,8500.64 ,8720.32 ,8827.36 ,8770.90 ,8432.19 ,8789.61 ,8398.25 ,8320.13 ,8753.71 ,8777.28 ,8681.66 ,8588.93 ,8604.63 ,8356.96 ,8665.96 ,8541.64 ,8769.42 ,8478.73 ,8672.68 ,8698.35 ,7438.83 ,8757.22 ,8551.32 ,8652.22 ,8549.65 ,8636.38 ,8621.61 ,8675.32 ,8675.32 ,8307.24 ,8606.43 ,8841.48 ,7835.09 ,6825.92 ,8485.33 ,8065.13 ,8407.07 ,8770.10 ,8800.41 ,8666.19 ,8683.87 ,8785.21 ,8777.08 ,8554.31 ,8586.17 ,8541.69 ,8676.56 ,8833.28 ,8882.88 ,8561.58 ,8291.94 ,8503.80 ,8337.53 ,8061.98 ,8667.68 ,8857.28 ,8513.45 ,8757.03 ,8529.00 ,8604.06 ,8561.25 ,8010.90 ,8151.75 ,8002.77 ,8592.08 ,8712.58 ,8327.39 ,8711.92 ,8732.96 ,8442.87 ,8659.42 ,8640.90 ,8696.87 ,8404.66 ,8837.77 ,8144.46 ,8407.40 ,8573.16 ,8667.57 ,8795.77 ,8821.05 ,8323.97 ,8230.38 ,8440.19 ,8571.80 ,8674.84 ,8372.31 ,8757.40 ,6703.93 ,8740.28 ,8309.34 ,8712.18 ,8598.06 ,8376.78 ,8543.91 ,8462.56 ,8821.85 ,8555.22 ,8346.79 ,8611.11 ,7831.03 ,8534.56 ,8552.49 ,7783.92 ,8432.26 ,8552.70 ,8708.47 ,8659.81 ,8631.91 ,8698.42 ,8516.19 ,8835.46 ,8658.15 ,8726.21 ,8383.27 ,8660.36 ,8750.81 ,8278.59 ,8053.19 ,8250.66
6341.47 ,7961.39 ,7633.73 ,7335.29 ,7146.15 ,6239.57 ,7041.82 ,6639.71 ,6769.55 ,8226.54 ,7655.68 ,8134.44 ,7433.22 ,7643.83 ,7689.94 ,7814.61 ,7453.79 ,8324.07 ,8208.16 ,7168.05 ,8039.84 ,7207.43 ,6230.22 ,6230.93 ,7779.53 ,7946.51 ,8011.66 ,7029.07 ,7223.13 ,8312.58 ,6803.44 ,7850.52 ,8272.58 ,8385.41 ,7782.16 ,8246.32 ,7512.07 ,6992.72 ,6891.24 ,7660.70 ,8244.51 ,8394.86 ,8488.31 ,8235.02 ,6146.85 ,7113.93 ,7113.93 ,8150.53 ,6813.55 ,8203.38 ,7421.20 ,6522.08 ,8086.88 ,7676.24 ,8070.82 ,6264.61 ,7064.28 ,7308.99 ,7071.57 ,6915.37 ,7476.02 ,8337.15 ,8356.63 ,7839.93 ,8153.43 ,7222.47 ,7358.90 ,6978.05 ,7705.07 ,7327.18 ,8126.32 ,7943.92 ,8541.10 ,8313.35 ,8303.33 ,8589.07 ,8086.11 ,8433.85 ,8472.63 ,7895.08 ,8104.44 ,7620.10 ,7905.41 ,8232.99 ,8016.82 ,8371.28 ,8213.59 ,8449.14 ,8395.52 ,8151.10 ,8354.42 ,8210.49 ,8111.89 ,7967.86 ,8259.13 ,8461.93 ,8452.21 ,8658.98 ,8639.77 ,8072.81 ,7922.22 ,8520.80 ,8309.63 ,8321.76 ,8312.93 ,8497.53 ,6563.11 ,8127.00 ,8357.35 ,8371.30 ,8294.87 ,8371.43 ,7982.78 ,8236.69 ,8488.94 ,8395.86 ,8163.33 ,8048.02 ,7858.28 ,8214.10 ,8412.92 ,7743.29 ,7732.61 ,8167.46 ,8200.43 ,7830.55 ,8081.56 ,8333.90 ,8245.76 ,8615.34 ,8475.00 ,8181.39 ,8224.12 ,8334.31 ,8257.75 ,8131.40 ,7669.50 ,8209.11
7745.75 ,7934.08 ,7251.54 ,6846.35 ,7337.77 ,7838.45 ,7997.36 ,7581.04 ,8177.13 ,8189.38 ,6828.94 ,7804.83 ,6381.69 ,7250.38 ,7538.49 ,6983.06 ,7581.43 ,7532.41 ,7696.57 ,7022.06 ,7698.93 ,7778.63 ,7878.11 ,7312.19 ,7649.99 ,7830.33 ,7756.62 ,8067.32 ,7105.67 ,6770.29 ,7675.10 ,6411.62 ,8003.99 ,7771.61 ,8019.65 ,7503.75 ,6969.63 ,7485.99 ,6229.65 ,8080.17 ,7632.06 ,7513.83 ,7780.73 ,7641.05 ,8059.42 ,7608.20 ,7608.20 ,8053.82 ,7642.47 ,7653.60 ,7527.01 ,8018.50 ,8170.78 ,7165.90 ,6958.76 ,7962.00 ,8271.18 ,7584.84 ,7681.95 ,7550.50 ,7741.85 ,8109.18 ,8216.92 ,7421.27 ,6750.02 ,8203.56 ,7765.19 ,7744.89 ,6946.18 ,7776.36 ,7627.83 ,7548.22 ,8227.13 ,7857.28 ,7993.15 ,8270.65 ,7512.17 ,7979.01 ,7939.94 ,7450.15 ,7864.78 ,7130.51 ,7021.12 ,7099.06 ,7482.89 ,7066.13 ,7739.60 ,7898.20 ,7953.94 ,6404.74 ,7563.37 ,7795.24 ,7501.91 ,7193.92 ,6407.40 ,7842.88 ,7117.40 ,8248.62 ,6978.71 ,7789.59 ,7423.01 ,7972.02 ,7996.89 ,6432.86 ,8113.13 ,7669.19 ,5750.00 ,7710.19 ,8076.94 ,7700.15 ,7375.80 ,7825.48 ,7284.64 ,8024.43 ,7581.56 ,7827.47 ,7811.89 ,6829.31 ,7165.14 ,7553.45 ,7961.94 ,6378.32 ,7209.17 ,6868.98 ,6984.75 ,7049.40 ,6878.09 ,7965.71 ,7689.57 ,7591.35 ,6908.44 ,7526.38 ,7714.73 ,7836.04 ,6855.85 ,7815.94 ,7181.57 ,7675.01
7075.31 ,6777.18 ,6942.19 ,5634.67 ,5949.68 ,6858.27 ,6200.15 ,6418.60 ,7328.03 ,7058.37 ,6177.49 ,6871.63 ,5681.24 ,6506.68 ,5953.48 ,5651.26 ,6654.51 ,5186.35 ,7047.09 ,5452.41 ,6631.77 ,6734.43 ,7127.71 ,6169.76 ,6129.83 ,6517.60 ,6306.66 ,7098.01 ,6025.71 ,6001.13 ,7392.06 ,5757.46 ,7009.98 ,6260.43 ,6713.77 ,6035.99 ,6427.51 ,6270.77 ,4594.51 ,6762.20 ,6614.45 ,5427.65 ,5571.58 ,7032.89 ,6517.48 ,7223.67 ,7223.67 ,6829.37 ,7368.48 ,6135.58 ,5924.36 ,6007.85 ,6776.96 ,5262.18 ,6093.14 ,6870.91 ,6813.80 ,6428.36 ,6245.54 ,6819.77 ,7004.95 ,6296.98 ,6495.68 ,6624.63 ,6144.62 ,7032.23 ,5978.51 ,7511.08 ,6325.72 ,7453.34 ,6785.86 ,5621.83 ,4523.54 ,6137.89 ,6476.63 ,4280.65 ,5685.31 ,7343.98 ,7120.75 ,5583.86 ,6693.92 ,5306.38 ,5780.99 ,5683.55 ,5356.60 ,5601.34 ,4787.68 ,6793.12 ,4683.11 ,5682.02 ,6503.04 ,6511.55 ,6155.02 ,4646.52 ,5371.61 ,6690.12 ,6404.25 ,4100.32 ,3876.93 ,5971.60 ,5486.51 ,6909.01 ,6202.65 ,5315.55 ,5677.10 ,6529.84 ,3947.26 ,6500.92 ,6721.35 ,4258.81 ,4500.83 ,6851.37 ,5461.43 ,5992.43 ,5863.50 ,6442.51 ,6831.35 ,5483.25 ,6190.63 ,4799.50 ,4927.41 ,4437.84 ,5294.19 ,5908.82 ,5569.84 ,5837.31 ,5552.35 ,6012.51 ,6326.43 ,4171.93 ,5228.15 ,6212.40 ,4545.18 ,6913.77 ,5444.33 ,6249.50 ,5433.50 ,6272.99
4256.68 ,3903.80 ,4035.34 ,3480.45 ,3810.47 ,4020.80 ,3526.27 ,3590.99 ,4365.15 ,3869.86 ,3542.41 ,4986.79 ,3809.38 ,4019.20 ,3629.13 ,3823.35 ,4103.67 ,3548.89 ,4798.73 ,3339.41 ,3858.61 ,3917.52 ,4044.72 ,3877.44 ,3607.85 ,4067.14 ,4163.08 ,4163.01 ,3415.95 ,3305.50 ,3862.15 ,3772.58 ,4099.76 ,4285.73 ,3773.28 ,4130.55 ,3571.30 ,4062.28 ,3403.07 ,4055.15 ,3960.60 ,3427.08 ,3521.80 ,5133.59 ,3663.36 ,4023.09 ,4023.09 ,4050.76 ,4162.28 ,3621.10 ,4004.66 ,3503.75 ,3792.26 ,3436.04 ,4056.22 ,4060.80 ,3730.13 ,4019.27 ,3836.45 ,3831.15 ,3807.03 ,3550.76 ,3869.78 ,3734.13 ,3362.87 ,4036.50 ,3525.73 ,3869.62 ,3436.54 ,3909.72 ,5587.62 ,4298.32 ,3536.24 ,4319.50 ,5185.86 ,3359.22 ,4452.07 ,6186.17 ,5507.01 ,4044.14 ,5038.49 ,3747.63 ,4561.64 ,4164.06 ,3738.20 ,4484.67 ,3366.44 ,5052.98 ,3633.62 ,4387.06 ,4835.11 ,5236.36 ,4626.83 ,3440.99 ,3834.45 ,4865.82 ,4858.25 ,3183.73 ,2954.97 ,4367.93 ,3787.84 ,5054.20 ,4242.74 ,4033.93 ,4281.82 ,4765.06 ,3075.62 ,5374.56 ,4833.48 ,2996.64 ,3333.15 ,5113.22 ,4200.19 ,4631.10 ,4339.53 ,5219.80 ,4118.75 ,4213.63 ,4396.06 ,3797.74 ,3754.25 ,3247.31 ,3565.59 ,4619.60 ,3859.56 ,4589.55 ,4354.16 ,4668.01 ,4879.85 ,3282.00 ,3840.24 ,5013.40 ,3371.14 ,5470.89 ,3864.12 ,4367.73 ,3752.67 ,4674.23
3097.84 ,3258.06 ,3197.96 ,2882.56 ,2900.85 ,2954.96 ,3006.43 ,2762.58 ,3285.12 ,2892.34 ,2784.34 ,3473.96 ,2822.00 ,3071.63 ,2670.12 ,2961.50 ,2815.24 ,2914.94 ,3477.21 ,2734.35 ,2725.02 ,2854.86 ,3029.43 ,2824.08 ,3243.38 ,3229.25 ,2942.97 ,2815.24 ,2848.28 ,2764.90 ,3218.72 ,2852.61 ,3298.92 ,3167.64 ,2848.35 ,3215.17 ,2837.43 ,2813.98 ,3233.50 ,3098.62 ,3113.84 ,2798.64 ,2989.59 ,3030.59 ,2858.07 ,3113.93 ,3113.93 ,3307.24 ,2985.42 ,2694.49 ,3128.70 ,2842.66 ,3133.51 ,3317.21 ,2591.62 ,3022.22 ,3032.88 ,3034.64 ,2772.68 ,2932.55 ,2852.50 ,3000.14 ,3103.38 ,3003.47 ,2745.22 ,2925.42 ,2611.83 ,2978.71 ,2666.12 ,2981.53 ,3326.78 ,2812.97 ,2705.26 ,2822.04 ,3190.36 ,2737.22 ,2769.31 ,3644.04 ,3156.35 ,2656.31 ,3350.96 ,2686.83 ,3087.45 ,2796.58 ,2704.54 ,2872.42 ,2510.61 ,3548.08 ,2669.92 ,2825.47 ,3084.26 ,3088.01 ,2903.55 ,3113.31 ,3034.08 ,3035.03 ,2831.35 ,2537.99 ,2354.66 ,2854.14 ,2731.71 ,3507.63 ,2822.01 ,2781.15 ,2847.90 ,3042.62 ,3029.47 ,3326.93 ,3296.01 ,2306.23 ,2773.98 ,3260.31 ,2960.39 ,2835.21 ,3040.06 ,3480.33 ,2955.02 ,2809.70 ,3189.70 ,2823.97 ,3158.56 ,3134.95 ,2552.86 ,3020.24 ,3093.63 ,3058.56 ,2889.12 ,2850.50 ,3183.16 ,2816.24 ,3078.54 ,3306.17 ,2511.90 ,3249.90 ,2680.89 ,2752.00 ,2574.57 ,2725.17
2635.95 ,986.77 ,2476.67 ,2598.10 ,2702.17 ,2445.67 ,2909.03 ,2380.38 ,2661.22 ,2613.56 ,2370.06 ,3169.38 ,2377.18 ,2709.72 ,2497.19 ,2471.28 ,2612.67 ,2386.85 ,3200.27 ,2555.18 ,2457.11 ,2705.94 ,2404.83 ,2714.55 ,660.36 ,2968.40 ,2705.07 ,2386.93 ,2613.74 ,2486.25 ,2420.05 ,2541.65 ,3132.11 ,2499.21 ,2676.81 ,2458.85 ,2402.28 ,2634.61 ,970.11 ,2581.19 ,2915.69 ,2311.05 ,573.44 ,2653.09 ,2605.67 ,2410.40 ,2410.40 ,2852.56 ,2473.40 ,2518.87 ,2902.32 ,2713.65 ,2875.54 ,1331.25 ,2319.91 ,2638.14 ,2825.70 ,2651.12 ,2551.34 ,2397.67 ,2508.02 ,2895.45 ,2864.50 ,2562.76 ,2349.89 ,2545.88 ,2397.05 ,2367.48 ,2355.61 ,2342.32 ,2449.26 ,2208.32 ,2381.07 ,2491.09 ,2299.74 ,2517.88 ,2238.38 ,2501.64 ,2485.17 ,2245.01 ,2989.97 ,2274.85 ,2559.10 ,2361.90 ,2330.43 ,2464.15 ,2271.46 ,3096.28 ,2215.97 ,2275.94 ,2451.93 ,2259.93 ,2646.52 ,93.71 ,2678.03 ,2457.89 ,2186.82 ,2274.97 ,2088.58 ,2218.80 ,2369.50 ,3041.01 ,2435.77 ,2485.13 ,2251.16 ,2513.88 ,2465.81 ,2471.47 ,3031.86 ,2083.89 ,2097.55 ,2770.81 ,2499.25 ,2194.98 ,2599.03 ,2969.65 ,2195.33 ,2407.65 ,2978.63 ,2463.42 ,2772.80 ,590.58 ,2281.37 ,2396.43 ,2776.18 ,2537.77 ,2457.36 ,2206.56 ,2496.60 ,2401.67 ,2746.25 ,2597.09 ,2134.81 ,2332.52 ,2058.73 ,2219.17 ,2221.54 ,2205.76
2147.66 ,311.61 ,2056.69 ,2416.67 ,71.08 ,2249.78 ,2680.72 ,2185.96 ,2357.40 ,745.86 ,2086.25 ,1605.83 ,2129.34 ,1309.61 ,58.45 ,620.06 ,576.47 ,192.33 ,1787.01 ,2375.08 ,257.21 ,667.88 ,2137.48 ,-68.46 ,464.29 ,1039.02 ,326.79 ,198.84 ,2373.23 ,1850.02 ,2127.14 ,2159.90 ,1429.82 ,1095.93 ,450.18 ,170.73 ,2150.48 ,181.90 ,866.49 ,2178.21 ,428.30 ,377.21 ,235.45 ,760.32 ,2491.97 ,2123.91 ,2123.91 ,1735.17 ,2182.61 ,483.42 ,325.74 ,2623.32 ,2322.33 ,702.59 ,2139.45 ,1413.08 ,2621.89 ,1290.60 ,347.73 ,2195.28 ,1833.49 ,2279.26 ,2364.87 ,1953.87 ,1636.41 ,1240.16 ,13.80 ,2106.82 ,2168.89 ,2065.53 ,2324.58 ,2054.38 ,420.39 ,1581.79 ,2084.29 ,240.77 ,1767.11 ,2365.60 ,84.30 ,2137.90 ,2252.91 ,2119.81 ,2201.46 ,994.43 ,2008.32 ,858.33 ,2147.89 ,839.24 ,610.67 ,-116.30 ,206.51 ,2072.22 ,1530.22 ,282.47 ,82.07 ,1358.31 ,-24.66 ,175.87 ,429.42 ,2034.28 ,2057.34 ,521.70 ,2301.31 ,-104.44 ,1529.12 ,1922.56 ,1001.43 ,2275.42 ,385.82 ,1490.54 ,566.70 ,526.02 ,846.12 ,1994.68 ,1599.73 ,2154.14 ,2110.05 ,-67.77 ,1024.52 ,638.15 ,315.56 ,601.99 ,2176.42 ,59.21 ,603.04 ,2157.91 ,709.39 ,1783.65 ,2022.39 ,222.16 ,144.63 ,2307.30 ,854.47 ,391.79 ,587.05 ,2075.30 ,2112.38 ,2098.95
707.90 ,193.81 ,419.94 ,166.68 ,107.06 ,330.41 ,195.62 ,316.31 ,1212.97 ,923.59 ,462.00 ,855.75 ,720.36 ,1056.77 ,161.35 ,240.24 ,213.63 ,82.95 ,1930.44 ,141.00 ,412.73 ,429.60 ,360.90 ,-9.00 ,336.57 ,307.29 ,204.37 ,517.33 ,178.23 ,131.27 ,354.41 ,465.28 ,1257.90 ,647.14 ,214.05 ,114.38 ,193.51 ,103.29 ,510.68 ,405.74 ,659.11 ,20.79 ,-34.06 ,834.31 ,294.25 ,224.86 ,224.86 ,641.20 ,388.13 ,234.08 ,498.86 ,213.05 ,267.72 ,430.73 ,750.47 ,1208.17 ,343.38 ,406.09 ,267.91 ,243.51 ,903.91 ,136.62 ,286.42 ,622.14 ,217.52 ,606.36 ,70.85 ,409.40 ,418.07 ,346.58 ,2287.96 ,1979.87 ,2246.87 ,2177.25 ,2123.37 ,1613.13 ,2151.97 ,2315.82 ,762.03 ,2074.91 ,2330.82 ,2053.95 ,2317.47 ,1854.91 ,2079.40 ,2274.02 ,2074.44 ,1307.46 ,2217.06 ,213.47 ,945.91 ,2016.87 ,2322.44 ,207.08 ,160.70 ,1894.96 ,925.86 ,1045.02 ,1816.90 ,2023.15 ,2052.24 ,1109.51 ,2163.73 ,-107.20 ,2063.15 ,2171.11 ,348.73 ,2244.02 ,787.89 ,2020.09 ,1435.57 ,1164.59 ,2327.01 ,2022.90 ,2473.28 ,2531.75 ,2132.21 ,-106.75 ,1943.26 ,2376.32 ,920.93 ,386.49 ,2076.64 ,859.38 ,2544.07 ,2395.40 ,1674.49 ,2072.55 ,2235.62 ,1325.30 ,205.19 ,2286.30 ,2026.42 ,1922.31 ,1829.73 ,2056.50 ,2054.01 ,2074.43
181.18 ,186.78 ,187.96 ,152.96 ,51.66 ,42.54 ,179.44 ,40.35 ,206.80 ,237.22 ,151.89 ,1003.85 ,465.02 ,231.75 ,25.89 ,194.02 ,40.57 ,63.53 ,857.68 ,87.32 ,147.11 ,139.15 ,41.07 ,-26.82 ,297.07 ,274.04 ,173.66 ,164.75 ,145.16 ,81.59 ,39.73 ,326.31 ,518.02 ,531.17 ,137.61 ,95.70 ,169.71 ,35.92 ,494.41 ,115.83 ,379.04 ,-22.89 ,-40.79 ,384.79 ,68.63 ,111.77 ,111.77 ,249.02 ,7.16 ,86.59 ,480.50 ,98.12 ,296.21 ,408.06 ,584.87 ,157.14 ,197.35 ,131.98 ,34.46 ,51.24 ,39.62 ,165.48 ,281.65 ,138.01 ,173.51 ,106.42 ,17.54 ,29.13 ,77.25 ,-1.66 ,1116.12 ,1910.40 ,2279.03 ,2192.04 ,758.40 ,841.70 ,903.13 ,1912.89 ,459.91 ,1934.33 ,2256.92 ,2010.45 ,1840.83 ,1842.01 ,2105.93 ,1583.93 ,2060.50 ,1388.90 ,1891.53 ,428.94 ,883.65 ,679.74 ,2314.99 ,216.19 ,158.85 ,1796.17 ,1344.64 ,877.88 ,1765.53 ,1247.67 ,2093.32 ,1118.03 ,2160.95 ,-54.36 ,2050.45 ,2116.69 ,314.25 ,1172.26 ,967.01 ,1938.77 ,970.87 ,1328.46 ,1655.01 ,1990.17 ,2207.86 ,1998.78 ,873.39 ,2.93 ,1997.27 ,1695.02 ,281.34 ,357.40 ,2077.58 ,974.26 ,2238.03 ,1779.47 ,1555.11 ,1084.90 ,1497.09 ,448.90 ,189.96 ,2106.29 ,2069.05 ,1682.45 ,2021.58 ,1427.00 ,1951.93 ,1890.43
1.35 ,2.13 ,1.59 ,1.96 ,1.47 ,2.04 ,2.09 ,1.64 ,1.82 ,1.69 ,1.30 ,1.52 ,2.01 ,1.66 ,0.82 ,1.78 ,1.68 ,1.39 ,1.47 ,2.21 ,1.83 ,1.50 ,2.03 ,1.89 ,2.02 ,2.22 ,1.99 ,1.64 ,1.41 ,1.38 ,1.59 ,1.80 ,1.72 ,1.78 ,1.90 ,1.91 ,1.92 ,1.68 ,1.55 ,1.74 ,1.69 ,1.82 ,1.84 ,1.77 ,1.98 ,1.69 ,2.00 ,1.81 ,1.51 ,1.49 ,1.76 ,1.91 ,1.74 ,1.52 ,1.72 ,2.10 ,1.62 ,1.80 ,1.45 ,1.75 ,1.75 ,1.87 ,1.75 ,1.76 ,1.44 ,1.98 ,1.88 ,1.80 ,2.09 ,2.20 ,1.58 ,1.55 ,1.88 ,1.51 ,1.65 ,1.60 ,1.60 ,1.69 ,1.65 ,1.26 ,1.85 ,2.03 ,1.63 ,1.45 ,1.79 ,1.68 ,1.38 ,1.44 ,2.03 ,1.83 ,1.32 ,1.79 ,1.93 ,2.05 ,2.02 ,2.06 ,1.59 ,1.45 ,1.34 ,1.59 ,1.71 ,1.51 ,1.54 ,1.52 ,1.64 ,1.59 ,1.53 ,1.82 ,1.65 ,1.61 ,1.62 ,1.56 ,1.85 ,1.72 ,1.69 ,1.80 ,1.54 ,1.53 ,1.66 ,1.74 ,1.47 ,1.42 ,1.80 ,2.15 ,1.47 ,1.72 ,1.53 ,1.77 ,1.78 ,1.58 ,1.56 ,1.69 ,1.27 ,1.81 ,1.98 ,1.92 ,1.96 ,1.98
